id,first_name,last_name,email,gender,ip_address
1,Merrilee,Aubert,maubert0@barnesandnoble.com,Female,233.11.39.14
2,Fonz,Lello,flello1@ning.com,Male,170.163.170.63
3,Evanne,Goodlife,egoodlife2@umn.edu,Female,85.145.153.239
4,Ramona,Carvil,rcarvil3@posterous.com,Female,213.132.120.107
5,Lana,Bemment,lbemment4@naver.com,Non-binary,183.214.76.32
6,Krystal,Tidridge,ktidridge5@usgs.gov,Female,223.89.147.65
7,Orrin,Arendsen,oarendsen6@studiopress.com,Male,56.69.126.182
8,Reider,Hopkyns,rhopkyns7@google.com,Male,139.250.226.226
9,Karleen,Aikman,kaikman8@amazon.de,Polygender,227.109.245.7
10,Udall,Parkes,uparkes9@senate.gov,Male,3.128.120.42
11,Bryant,Campo,bcampoa@dot.gov,Male,227.203.220.121
12,Angeli,Raatz,araatzb@yahoo.com,Male,182.13.244.200
13,Nero,Sheivels,nsheivelsc@reddit.com,Male,230.63.88.214
14,Bernardina,Sanzio,bsanziod@dot.gov,Female,25.235.68.101
15,Elden,Squibbs,esquibbse@simplemachines.org,Male,228.42.111.94
16,Muire,Stawell,mstawellf@eepurl.com,Female,113.100.63.45
17,Silvie,Silwood,ssilwoodg@tinypic.com,Genderqueer,55.98.151.18
18,Jereme,Sherred,jsherredh@upenn.edu,Male,36.223.193.202
19,Rafaellle,Lackey,rlackeyi@diigo.com,Bigender,253.163.86.143
20,Murdoch,Corsar,mcorsarj@businessinsider.com,Male,170.110.214.96
21,Jamill,Curedell,jcuredellk@boston.com,Male,146.23.162.239
22,Templeton,Wordsworth,twordsworthl@deviantart.com,Male,65.197.226.64
23,Omero,Bang,obangm@diigo.com,Male,201.6.45.122
24,Pace,Ansett,pansettn@dailymotion.com,Male,93.105.161.241
25,Mead,Autin,mautino@soup.io,Female,26.82.207.173
26,Emylee,Mackley,emackleyp@hibu.com,Female,227.163.19.246
27,Darrick,Kollas,dkollasq@state.tx.us,Male,68.61.101.188
28,Cassandre,Lansdown,clansdownr@walmart.com,Female,44.77.229.147
29,Sauveur,Hawford,shawfords@cisco.com,Male,250.154.125.254
30,Merilyn,Brundall,mbrundallt@altervista.org,Genderfluid,185.7.171.191
31,Erl,Bartul,ebartulu@businesswire.com,Male,88.69.106.222
32,Conney,Dow,cdowv@desdev.cn,Male,228.243.92.141
33,Pernell,Jacox,pjacoxw@tamu.edu,Male,52.213.89.15
34,Nicolai,Goncaves,ngoncavesx@studiopress.com,Male,23.240.188.102
35,Veriee,Plomer,vplomery@webnode.com,Polygender,189.161.27.43
36,Alaster,Fone,afonez@quantcast.com,Male,106.208.107.156
37,Carolee,Bruinemann,cbruinemann10@sciencedirect.com,Female,67.7.45.93
38,Emelen,Foxhall,efoxhall11@jimdo.com,Male,23.111.228.230
39,Lamar,Devenny,ldevenny12@wikia.com,Male,248.222.5.149
40,Sig,Hansen,shansen13@ox.ac.uk,Male,247.94.101.116
41,Holly-anne,Boyne,hboyne14@wisc.edu,Female,197.153.118.137
42,Toddie,Anyon,tanyon15@youtube.com,Male,117.169.18.156
43,Nissy,Itscowicz,nitscowicz16@tinypic.com,Female,69.69.205.87
44,Edin,McDill,emcdill17@twitpic.com,Female,201.130.64.114
45,Thorin,Cloughton,tcloughton18@netvibes.com,Male,150.36.68.97
46,Mala,Pickance,mpickance19@nytimes.com,Female,67.37.165.148
47,Kitti,Bagworth,kbagworth1a@baidu.com,Female,45.193.74.39
48,Dermot,Inglesant,dinglesant1b@aboutads.info,Male,142.40.234.213
49,Ainslee,Picton,apicton1c@washington.edu,Female,91.219.248.130
50,Griffin,Caroll,gcaroll1d@google.fr,Male,230.176.208.236
51,Orren,Carabine,ocarabine1e@instagram.com,Male,249.80.163.201
52,Roman,Littler,rlittler1f@java.com,Male,225.123.148.137
53,Annmaria,Nayer,anayer1g@opensource.org,Female,46.42.57.166
54,Somerset,Gaiter,sgaiter1h@oracle.com,Male,194.103.249.130
55,Kirsten,Sondon,ksondon1i@soundcloud.com,Female,216.78.22.112
56,Johnny,Davis,jdavis1j@netscape.com,Male,192.95.214.93
57,Alfonse,Farress,afarress1k@homestead.com,Male,111.252.28.105
58,Izak,Murison,imurison1l@simplemachines.org,Male,184.25.114.233
59,Robert,Lynes,rlynes1m@fastcompany.com,Male,173.218.91.87
60,Frazier,Cossor,fcossor1n@nba.com,Male,68.208.171.144
61,Isidore,Vanin,ivanin1o@stumbleupon.com,Male,159.173.18.246
62,Erv,Titchmarsh,etitchmarsh1p@goodreads.com,Male,53.96.170.17
63,Roi,Warmington,rwarmington1q@webs.com,Male,64.235.238.135
64,Lila,McIlrath,lmcilrath1r@samsung.com,Female,95.137.193.125
65,Cheryl,Oxx,coxx1s@lulu.com,Female,246.119.189.120
66,Dehlia,Runnett,drunnett1t@qq.com,Female,155.117.146.105
67,Winthrop,Phizackerly,wphizackerly1u@reddit.com,Male,244.83.26.230
68,Aimil,Hardeman,ahardeman1v@hp.com,Female,96.229.136.80
69,Judith,Handslip,jhandslip1w@shutterfly.com,Female,106.155.24.145
70,Ingram,Goolden,igoolden1x@washingtonpost.com,Non-binary,179.42.95.244
71,Joachim,Knowler,jknowler1y@vinaora.com,Male,221.85.142.32
72,Barth,Wrench,bwrench1z@ca.gov,Male,206.97.113.131
73,Clarita,Lattimore,clattimore20@csmonitor.com,Female,13.89.55.253
74,Charmine,Haggerston,chaggerston21@imdb.com,Female,232.77.155.97
75,Zedekiah,Winspear,zwinspear22@vk.com,Male,115.121.155.8
76,Donia,Bowman,dbowman23@technorati.com,Female,233.127.215.200
77,Patten,Masdin,pmasdin24@state.tx.us,Male,193.223.107.75
78,Tera,Costi,tcosti25@spiegel.de,Female,82.51.79.53
79,Garrett,Stables,gstables26@techcrunch.com,Male,82.163.130.225
80,Danny,Maly,dmaly27@wunderground.com,Female,110.183.12.77
81,Nicole,Keggin,nkeggin28@1und1.de,Female,121.173.59.163
82,Tully,Corps,tcorps29@skype.com,Male,52.135.139.128
83,Krystal,Bussell,kbussell2a@myspace.com,Female,180.151.240.249
84,Robbie,Dowsett,rdowsett2b@illinois.edu,Male,74.244.54.235
85,Kristian,Sherwyn,ksherwyn2c@trellian.com,Male,3.46.247.76
86,Nolly,Coppenhall,ncoppenhall2d@washington.edu,Male,20.165.28.186
87,Teodor,Pinor,tpinor2e@friendfeed.com,Agender,189.34.108.168
88,Rozamond,Gatteridge,rgatteridge2f@sourceforge.net,Female,65.192.61.49
89,Maxim,Fernehough,mfernehough2g@mediafire.com,Male,94.24.137.126
90,Friedrick,Prandy,fprandy2h@google.com.au,Male,197.110.164.141
91,Zandra,Minister,zminister2i@nationalgeographic.com,Female,118.110.64.143
92,Noland,Asif,nasif2j@friendfeed.com,Male,162.121.65.92
93,Reinaldos,Garwell,rgarwell2k@theatlantic.com,Male,63.219.113.224
94,Thebault,Galsworthy,tgalsworthy2l@wikipedia.org,Male,233.65.153.254
95,Dedie,Portugal,dportugal2m@boston.com,Female,213.109.143.60
96,Forest,Crutchley,fcrutchley2n@apple.com,Male,182.84.28.135
97,Glad,Paradin,gparadin2o@about.me,Female,141.30.146.190
98,Barde,Hassekl,bhassekl2p@smugmug.com,Male,165.98.63.37
99,Brandon,Oxborough,boxborough2q@tumblr.com,Male,249.3.244.217
100,Reinald,Humbey,rhumbey2r@instagram.com,Male,40.224.48.220
101,Allard,Chessum,achessum2s@senate.gov,Male,230.238.194.155
102,Reba,Belham,rbelham2t@biglobe.ne.jp,Female,18.222.99.154
103,Muffin,Acaster,macaster2u@ning.com,Male,117.63.168.147
104,Frederich,Gresham,fgresham2v@macromedia.com,Male,56.244.37.84
105,Milt,Christy,mchristy2w@cdbaby.com,Male,105.110.68.130
106,Blanche,Murfill,bmurfill2x@intel.com,Female,202.212.101.6
107,Freddy,Stummeyer,fstummeyer2y@storify.com,Female,87.65.31.231
108,Eadie,Goodman,egoodman2z@ucoz.ru,Female,132.52.52.250
109,Karena,Keats,kkeats30@lulu.com,Female,157.216.122.106
110,Candice,Verny,cverny31@sciencedaily.com,Female,254.236.23.149
111,Arther,Mankor,amankor32@jalbum.net,Male,4.236.180.149
112,Gussi,Nurdin,gnurdin33@dell.com,Female,184.150.2.2
113,Zared,Tuplin,ztuplin34@oracle.com,Male,238.33.231.125
114,Ralph,Betts,rbetts35@reverbnation.com,Male,170.144.211.245
115,Chaddy,Braferton,cbraferton36@washingtonpost.com,Male,160.35.17.112
116,Pennie,Sheringham,psheringham37@live.com,Female,212.58.145.219
117,Jonie,Southwood,jsouthwood38@arizona.edu,Female,143.240.106.198
118,Sheeree,Dignon,sdignon39@ucsd.edu,Female,137.41.138.2
119,Marlo,Satford,msatford3a@accuweather.com,Female,65.34.142.246
120,Tabina,Danielian,tdanielian3b@ustream.tv,Female,169.84.166.129
121,Hersh,Kuzemka,hkuzemka3c@miibeian.gov.cn,Male,162.229.37.130
122,Shandy,Cahalan,scahalan3d@biblegateway.com,Female,250.106.216.60
123,Dasya,Monier,dmonier3e@list-manage.com,Female,224.90.53.212
124,Lisha,Lillee,llillee3f@arizona.edu,Female,210.5.5.159
125,Christophe,Dyter,cdyter3g@discovery.com,Male,81.176.163.170
126,Kimberley,Rupel,krupel3h@amazon.com,Female,107.232.248.102
127,Ernestine,Dyer,edyer3i@pbs.org,Female,74.159.158.12
128,Sarita,Lingfoot,slingfoot3j@kickstarter.com,Female,74.99.110.174
129,Emelyne,Casel,ecasel3k@ihg.com,Female,205.99.82.125
130,Glad,Pyer,gpyer3l@google.nl,Female,25.92.186.198
131,Joleen,Simmill,jsimmill3m@etsy.com,Female,53.179.98.24
132,Lemmie,Wilprecht,lwilprecht3n@rambler.ru,Male,96.16.91.159
133,Melania,Maidlow,mmaidlow3o@sciencedirect.com,Female,24.1.35.237
134,Tailor,Benaine,tbenaine3p@google.es,Male,54.148.64.197
135,Mervin,Pickthorn,mpickthorn3q@smh.com.au,Male,227.194.35.149
136,Olin,Maginot,omaginot3r@wunderground.com,Male,131.252.41.50
137,Carissa,Rudyard,crudyard3s@xrea.com,Female,67.195.155.66
138,Cart,Drane,cdrane3t@discovery.com,Male,235.170.32.68
139,Melisse,Lawry,mlawry3u@netlog.com,Female,2.7.253.135
140,Ethelred,Hannibal,ehannibal3v@samsung.com,Male,7.179.222.163
141,Hirsch,Ivanin,hivanin3w@jalbum.net,Bigender,52.244.72.73
142,Clair,Cron,ccron3x@feedburner.com,Agender,241.206.48.125
143,Rona,Mapis,rmapis3y@bizjournals.com,Female,152.11.39.44
144,Hetti,Sabban,hsabban3z@squidoo.com,Female,27.27.73.60
145,Ealasaid,Buesden,ebuesden40@facebook.com,Female,128.49.29.66
146,Robinetta,Leeburn,rleeburn41@quantcast.com,Female,85.0.96.15
147,Jory,Emburey,jemburey42@ft.com,Male,145.182.157.185
148,King,Rilings,krilings43@shinystat.com,Male,187.180.252.246
149,Inger,Bruckenthal,ibruckenthal44@scribd.com,Male,224.195.92.209
150,Beatrisa,Arnson,barnson45@free.fr,Female,114.30.246.201
151,Merna,Renner,mrenner46@unc.edu,Female,64.132.99.219
152,Bette-ann,Mully,bmully47@ow.ly,Female,30.80.155.64
153,Taber,Trett,ttrett48@elegantthemes.com,Male,169.181.199.36
154,Adams,Philipps,aphilipps49@huffingtonpost.com,Male,73.247.215.252
155,Artemus,MacGiolla Pheadair,amacgiollapheadair4a@ft.com,Male,139.6.107.53
156,Aurelie,Spurden,aspurden4b@uol.com.br,Genderqueer,162.9.115.252
157,Alane,Beaney,abeaney4c@etsy.com,Female,58.55.107.31
158,Neall,Fruchon,nfruchon4d@epa.gov,Male,34.124.110.164
159,Emmye,Soulsby,esoulsby4e@craigslist.org,Female,15.59.162.71
160,Jermaine,Freegard,jfreegard4f@google.cn,Male,65.42.119.102
161,Kimmie,Rossbrooke,krossbrooke4g@cafepress.com,Non-binary,139.112.196.64
162,Abagail,Pagelsen,apagelsen4h@hc360.com,Female,157.179.235.245
163,Nickola,Roughey,nroughey4i@google.com.hk,Male,218.206.156.180
164,Lauralee,Fewtrell,lfewtrell4j@newyorker.com,Female,133.47.50.60
165,Robinett,Simonelli,rsimonelli4k@hubpages.com,Female,172.177.60.33
166,Micheil,Kobierzycki,mkobierzycki4l@instagram.com,Male,7.130.189.135
167,Christa,Goodreid,cgoodreid4m@barnesandnoble.com,Female,12.245.35.9
168,Wilie,Arrundale,warrundale4n@senate.gov,Female,115.65.233.123
169,Truda,Kenset,tkenset4o@sohu.com,Female,242.219.34.106
170,Lise,Congreve,lcongreve4p@zimbio.com,Female,20.198.56.57
171,Ashlan,Gummary,agummary4q@purevolume.com,Non-binary,75.15.62.253
172,Andie,Favel,afavel4r@360.cn,Male,137.110.47.224
173,Christiano,Midner,cmidner4s@aboutads.info,Male,129.171.74.206
174,Ethelbert,Alfonsetti,ealfonsetti4t@gnu.org,Male,67.210.78.38
175,Chere,Petruszka,cpetruszka4u@qq.com,Female,230.161.82.159
176,Charmane,Friatt,cfriatt4v@skype.com,Female,72.210.61.211
177,Gareth,Bonick,gbonick4w@4shared.com,Male,16.122.134.216
178,Wald,Scotchmor,wscotchmor4x@mozilla.com,Male,0.135.20.247
179,Micheline,Dur,mdur4y@dmoz.org,Female,152.207.41.241
180,Emlen,Munday,emunday4z@auda.org.au,Male,130.87.190.117
181,Fifi,Spellard,fspellard50@usatoday.com,Female,186.125.71.60
182,Jerald,Semonin,jsemonin51@addtoany.com,Male,74.104.202.32
183,Shana,Fetters,sfetters52@blogspot.com,Female,227.118.185.70
184,Arni,Schustl,aschustl53@wikimedia.org,Male,157.144.120.201
185,Monika,Jados,mjados54@cam.ac.uk,Female,20.106.184.96
186,See,Sandyford,ssandyford55@pen.io,Male,145.173.24.186
187,Jordon,Turrell,jturrell56@cdc.gov,Male,61.149.191.255
188,Hobey,Tilsley,htilsley57@yahoo.com,Male,200.25.5.43
189,Kendra,Minister,kminister58@sciencedaily.com,Female,98.173.114.164
190,Joeann,Vasser,jvasser59@boston.com,Female,174.193.193.195
191,Arthur,Wakeman,awakeman5a@princeton.edu,Male,68.134.176.244
192,Steffen,Gorbell,sgorbell5b@edublogs.org,Male,235.99.237.147
193,Geralda,Gerauld,ggerauld5c@google.com,Genderfluid,181.205.177.139
194,Shayne,Roze,sroze5d@examiner.com,Female,135.121.155.190
195,Whitman,Paolazzi,wpaolazzi5e@homestead.com,Male,179.82.49.179
196,Durante,Pullan,dpullan5f@spiegel.de,Male,226.107.3.86
197,Bertina,Bloodworth,bbloodworth5g@craigslist.org,Female,17.193.169.77
198,Drucill,Punt,dpunt5h@oaic.gov.au,Female,229.203.136.36
199,Dalston,Le Marquand,dlemarquand5i@themeforest.net,Male,200.123.89.90
200,Renie,Duplan,rduplan5j@engadget.com,Agender,68.49.208.189
201,Newton,Kruschov,nkruschov5k@sciencedirect.com,Male,205.217.129.247
202,Alvera,Reaper,areaper5l@jiathis.com,Female,249.76.17.136
203,Humfrey,Moors,hmoors5m@paypal.com,Male,182.16.32.106
204,Rodge,Henner,rhenner5n@dot.gov,Male,35.82.16.12
205,Rufus,Wimbush,rwimbush5o@webeden.co.uk,Male,148.189.226.217
206,Loretta,Gabler,lgabler5p@dot.gov,Female,235.67.101.122
207,Anabal,Liffey,aliffey5q@devhub.com,Female,250.49.208.157
208,Edgar,Clilverd,eclilverd5r@lulu.com,Male,42.218.188.118
209,Ban,Czyz,bczyz5s@shareasale.com,Male,219.153.136.140
210,Hurlee,Bellchamber,hbellchamber5t@auda.org.au,Male,31.146.7.27
211,Antonino,Gaytor,agaytor5u@google.pl,Male,192.176.184.198
212,Em,Silkstone,esilkstone5v@cbslocal.com,Female,75.215.123.135
213,Christina,Langwade,clangwade5w@slideshare.net,Female,85.177.20.209
214,Keith,Gherardesci,kgherardesci5x@xing.com,Male,86.1.71.201
215,Bran,Gommery,bgommery5y@ustream.tv,Male,125.254.84.62
216,Cointon,Corter,ccorter5z@vk.com,Male,147.222.232.11
217,Lark,De Bischop,ldebischop60@cam.ac.uk,Female,102.169.75.114
218,Brook,Benwell,bbenwell61@ucoz.ru,Male,118.209.74.170
219,Dotti,Greensite,dgreensite62@webs.com,Female,190.239.16.80
220,Laurence,Habbeshaw,lhabbeshaw63@newsvine.com,Male,66.36.226.245
221,Cesare,Olland,colland64@china.com.cn,Male,26.252.240.17
222,Fawn,Biss,fbiss65@amazon.com,Female,130.79.23.11
223,Alfy,Olesen,aolesen66@newyorker.com,Male,141.138.83.134
224,Tobey,Somerbell,tsomerbell67@indiatimes.com,Female,120.204.124.79
225,Bartholomew,Medgewick,bmedgewick68@tiny.cc,Non-binary,213.38.207.112
226,Gregory,Knibley,gknibley69@pinterest.com,Male,71.92.169.227
227,Tony,Oliphard,toliphard6a@yellowbook.com,Male,109.195.184.230
228,Belicia,Spellsworth,bspellsworth6b@qq.com,Female,247.239.212.83
229,Dael,Rochewell,drochewell6c@sina.com.cn,Male,173.150.164.160
230,Della,Doy,ddoy6d@example.com,Female,141.243.95.181
231,Dianne,Ashburner,dashburner6e@abc.net.au,Female,179.195.26.235
232,Juan,Rogeon,jrogeon6f@livejournal.com,Male,94.115.209.47
233,Melonie,Hedworth,mhedworth6g@bravesites.com,Female,224.238.198.189
234,Manuel,Street,mstreet6h@princeton.edu,Male,104.7.120.174
235,Elsworth,Berzon,eberzon6i@webmd.com,Agender,229.40.92.181
236,Leelah,Cadogan,lcadogan6j@hp.com,Female,149.202.223.181
237,Poppy,Keane,pkeane6k@nationalgeographic.com,Female,117.174.142.21
238,Gilly,Steers,gsteers6l@yolasite.com,Female,241.65.107.185
239,Loren,Vatcher,lvatcher6m@imageshack.us,Polygender,202.5.63.205
240,Irwin,Jack,ijack6n@mac.com,Male,145.108.58.119
241,Ezekiel,Clogg,eclogg6o@clickbank.net,Genderqueer,203.130.161.236
242,Gabbie,Atger,gatger6p@huffingtonpost.com,Male,120.242.89.79
243,Hamish,Goudge,hgoudge6q@liveinternet.ru,Male,139.105.192.15
244,Rory,Dennington,rdennington6r@blinklist.com,Male,103.242.103.6
245,Noel,Hallan,nhallan6s@economist.com,Female,87.210.5.217
246,Kandace,Fincken,kfincken6t@umich.edu,Genderqueer,171.93.152.228
247,Arleen,Spinage,aspinage6u@berkeley.edu,Female,191.137.223.70
248,Gisele,McAdam,gmcadam6v@dropbox.com,Female,39.125.239.251
249,Rosene,Loudian,rloudian6w@sfgate.com,Female,144.214.150.24
250,Freddie,McGrory,fmcgrory6x@washingtonpost.com,Female,209.167.116.202
251,Gar,Wainwright,gwainwright6y@nifty.com,Male,228.185.118.217
252,Bren,Bossel,bbossel6z@instagram.com,Male,112.199.131.186
253,Raddy,Furman,rfurman70@guardian.co.uk,Male,89.160.171.72
254,Leo,Armstead,larmstead71@forbes.com,Male,7.56.99.171
255,Earl,Butterly,ebutterly72@altervista.org,Male,176.161.58.76
256,Odo,Curran,ocurran73@4shared.com,Male,197.181.146.94
257,Reginald,Girsch,rgirsch74@odnoklassniki.ru,Male,65.21.226.211
258,Tiffani,Hazeman,thazeman75@army.mil,Female,179.88.50.109
259,Seth,Sanper,ssanper76@edublogs.org,Male,254.31.181.228
260,Aimil,Corris,acorris77@posterous.com,Female,212.151.67.137
261,Harry,Aery,haery78@mayoclinic.com,Male,10.200.225.65
262,Cecilio,Pescud,cpescud79@unc.edu,Male,86.192.175.126
263,Conant,Carp,ccarp7a@spotify.com,Male,239.215.110.127
264,Cyndi,Itscowicz,citscowicz7b@comcast.net,Female,175.41.106.173
265,Eada,Lattimore,elattimore7c@rakuten.co.jp,Non-binary,132.173.199.91
266,Dewie,Prendergrass,dprendergrass7d@mapy.cz,Male,97.147.144.114
267,Henriette,Whitley,hwhitley7e@webeden.co.uk,Female,51.19.213.236
268,Massimo,Tulloch,mtulloch7f@independent.co.uk,Male,62.199.145.125
269,Nannette,Poynzer,npoynzer7g@cyberchimps.com,Female,21.208.11.30
270,Ludwig,Sucre,lsucre7h@sfgate.com,Agender,15.139.130.240
271,Jill,Youngman,jyoungman7i@epa.gov,Female,228.198.89.154
272,Reinold,Olufsen,rolufsen7j@hao123.com,Male,101.240.172.155
273,Davey,Stonard,dstonard7k@ibm.com,Male,156.43.116.94
274,Estevan,Pickersail,epickersail7l@shutterfly.com,Male,100.250.205.21
275,Dodie,Garrat,dgarrat7m@xrea.com,Female,133.39.197.82
276,Adan,Halt,ahalt7n@theglobeandmail.com,Male,37.156.118.196
277,Virgil,Fleischmann,vfleischmann7o@paginegialle.it,Male,213.61.19.83
278,Arabela,Teaser,ateaser7p@geocities.jp,Bigender,90.71.15.137
279,Mariam,Zeal,mzeal7q@comcast.net,Female,139.208.206.236
280,Rickie,Embery,rembery7r@g.co,Male,220.68.108.27
281,Blinnie,Olohan,bolohan7s@bbb.org,Female,128.205.45.244
282,Meier,Renzullo,mrenzullo7t@slate.com,Male,109.6.68.212
283,Brok,Killingbeck,bkillingbeck7u@nsw.gov.au,Male,155.197.49.254
284,Charleen,Wainman,cwainman7v@usda.gov,Polygender,63.48.234.170
285,Madelin,Wiley,mwiley7w@nyu.edu,Female,163.205.40.153
286,Conrade,Garvie,cgarvie7x@addtoany.com,Male,35.217.238.76
287,Julita,Marti,jmarti7y@huffingtonpost.com,Female,168.144.24.240
288,Ginelle,Norrington,gnorrington7z@hostgator.com,Female,7.19.125.19
289,Raffarty,Thomel,rthomel80@over-blog.com,Male,82.157.17.111
290,Kienan,Patrone,kpatrone81@ning.com,Male,194.96.192.192
291,Horten,Richemond,hrichemond82@de.vu,Male,230.250.199.0
292,Janie,Petruszka,jpetruszka83@ocn.ne.jp,Female,221.63.167.224
293,Aurilia,Zmitrichenko,azmitrichenko84@gravatar.com,Female,42.79.94.167
294,Elfie,Fagg,efagg85@artisteer.com,Female,26.225.98.169
295,Madonna,O'Mahoney,momahoney86@upenn.edu,Female,170.119.181.30
296,Jackson,Twiddle,jtwiddle87@bloglines.com,Male,238.67.96.150
297,Idette,Ferrick,iferrick88@gravatar.com,Female,89.177.160.2
298,Hamilton,Giacomelli,hgiacomelli89@mediafire.com,Male,15.160.19.233
299,Nanni,Blessed,nblessed8a@princeton.edu,Female,33.54.126.242
300,Stephanie,Cutbirth,scutbirth8b@php.net,Female,25.252.250.250
301,L;urette,Hixley,lhixley8c@fotki.com,Female,144.240.203.81
302,Matty,Hyams,mhyams8d@mlb.com,Genderqueer,75.222.104.225
303,Ody,Vennings,ovennings8e@goodreads.com,Male,1.90.142.247
304,Raffaello,Kenward,rkenward8f@studiopress.com,Male,228.0.230.39
305,Nananne,Spikins,nspikins8g@sciencedirect.com,Genderfluid,108.175.83.172
306,Lilia,Pagett,lpagett8h@hexun.com,Female,14.127.84.157
307,Verine,Lammin,vlammin8i@prweb.com,Non-binary,61.218.107.116
308,Nicola,Thomasson,nthomasson8j@fotki.com,Male,223.212.165.248
309,Colver,Trevethan,ctrevethan8k@elpais.com,Male,43.98.58.131
310,Mitchel,Dosdill,mdosdill8l@hhs.gov,Polygender,162.185.170.200
311,Darby,Keel,dkeel8m@livejournal.com,Female,56.33.145.158
312,Lyndell,Odger,lodger8n@unblog.fr,Female,107.255.54.69
313,Elliot,Andreopolos,eandreopolos8o@yandex.ru,Male,5.236.14.106
314,Guss,Shortan,gshortan8p@storify.com,Male,102.165.16.215
315,Syd,Reaper,sreaper8q@amazon.co.jp,Male,187.213.221.119
316,Edgar,Capelow,ecapelow8r@netlog.com,Male,59.77.245.5
317,Melissa,Brinsden,mbrinsden8s@tinyurl.com,Female,149.127.73.249
318,Alano,Dooney,adooney8t@ezinearticles.com,Male,12.77.73.162
319,Ginny,Cocker,gcocker8u@redcross.org,Female,195.151.4.207
320,Panchito,Ringrose,pringrose8v@alexa.com,Male,4.226.195.34
321,Odelia,Slarke,oslarke8w@123-reg.co.uk,Female,8.15.53.112
322,Noellyn,Croxon,ncroxon8x@upenn.edu,Female,214.44.255.242
323,Sondra,Heamus,sheamus8y@example.com,Non-binary,7.113.155.9
324,Win,Caulwell,wcaulwell8z@jimdo.com,Male,159.193.188.9
325,Candra,Duffy,cduffy90@yale.edu,Female,248.81.50.44
326,Tyne,Furber,tfurber91@wunderground.com,Female,22.141.32.84
327,Adam,Phythien,aphythien92@acquirethisname.com,Male,84.37.152.147
328,Lindy,Woolforde,lwoolforde93@uol.com.br,Male,105.112.38.40
329,Lynnea,Heckle,lheckle94@squidoo.com,Female,118.209.114.181
330,Marylinda,Gowrich,mgowrich95@ebay.com,Female,206.36.232.207
331,Garek,Philpot,gphilpot96@unicef.org,Male,123.42.113.146
332,Tymon,Canada,tcanada97@microsoft.com,Male,91.48.32.2
333,Clarence,Abrashkin,cabrashkin98@4shared.com,Genderqueer,115.88.12.208
334,Deeann,Uttermare,duttermare99@amazon.de,Female,189.8.97.155
335,Ambrosius,Oughtright,aoughtright9a@dailymail.co.uk,Male,182.19.49.114
336,Annamarie,Skirving,askirving9b@ed.gov,Female,217.10.56.31
337,Cobbie,Callf,ccallf9c@boston.com,Polygender,139.27.69.51
338,Wilden,Giotto,wgiotto9d@foxnews.com,Male,34.205.90.239
339,Willabella,Gegg,wgegg9e@homestead.com,Female,120.101.173.233
340,Loralie,McAughtry,lmcaughtry9f@tmall.com,Female,131.220.75.82
341,Zachariah,Brickham,zbrickham9g@chron.com,Male,51.148.36.25
342,Kelcey,Oleksinski,koleksinski9h@weather.com,Female,219.129.142.114
343,Ulberto,Burnhill,uburnhill9i@ucoz.ru,Male,16.97.182.88
344,Benn,Bavidge,bbavidge9j@jigsy.com,Male,162.47.231.101
345,Kristyn,Lorant,klorant9k@answers.com,Female,169.242.23.151
346,Bar,Muino,bmuino9l@pbs.org,Male,254.5.254.203
347,Blithe,Kenlin,bkenlin9m@dailymail.co.uk,Female,58.68.250.93
348,Ashil,Edgell,aedgell9n@dell.com,Female,102.137.170.213
349,Regan,Habergham,rhabergham9o@virginia.edu,Male,246.119.4.152
350,Arluene,Beaufoy,abeaufoy9p@amazon.com,Female,27.136.113.38
351,Norry,Raspin,nraspin9q@e-recht24.de,Male,205.101.147.111
352,Sylvester,Meadmore,smeadmore9r@posterous.com,Male,200.61.217.122
353,Anson,Hesse,ahesse9s@japanpost.jp,Male,191.237.20.64
354,Culley,Gravatt,cgravatt9t@theguardian.com,Male,7.17.90.232
355,Sorcha,Ruston,sruston9u@nymag.com,Female,236.8.162.232
356,Vaughan,Wensley,vwensley9v@addthis.com,Male,116.30.237.190
357,Paco,Summersby,psummersby9w@arstechnica.com,Male,139.242.71.42
358,Bard,Kellog,bkellog9x@skyrock.com,Male,208.79.111.252
359,Estell,Bottjer,ebottjer9y@clickbank.net,Female,153.172.77.176
360,Ad,Wittleton,awittleton9z@ycombinator.com,Male,49.54.218.36
361,Shawn,Jellico,sjellicoa0@accuweather.com,Agender,164.213.96.74
362,Nap,Pape,npapea1@sun.com,Male,234.247.23.239
363,Olivia,Williscroft,owilliscrofta2@indiegogo.com,Polygender,210.111.48.102
364,Elliot,Abramof,eabramofa3@wix.com,Male,240.249.189.9
365,Keen,Lange,klangea4@mozilla.org,Male,30.58.147.35
366,Zechariah,Pinching,zpinchinga5@seattletimes.com,Male,101.135.38.80
367,Cooper,Huntingdon,chuntingdona6@hc360.com,Male,247.66.23.63
368,Arlee,Blick,ablicka7@psu.edu,Bigender,81.155.179.216
369,Tessa,Spall,tspalla8@ebay.co.uk,Female,100.68.1.177
370,Pia,Daniely,pdanielya9@php.net,Female,64.113.11.126
371,Noe,Caudle,ncaudleaa@dropbox.com,Male,141.92.62.194
372,Sydel,Nielson,snielsonab@yahoo.co.jp,Female,96.253.215.55
373,Ricardo,Goby,rgobyac@fotki.com,Male,193.226.5.50
374,Scarlett,Tesdale,stesdalead@nba.com,Female,228.221.132.204
375,Gilemette,Wixon,gwixonae@seesaa.net,Female,148.249.101.237
376,Valentin,Frankel,vfrankelaf@rakuten.co.jp,Male,153.179.0.26
377,Donna,Robilliard,drobilliardag@clickbank.net,Female,93.16.230.106
378,Shelton,MacCorley,smaccorleyah@storify.com,Male,172.188.135.231
379,Godfree,Caple,gcapleai@bbc.co.uk,Male,219.75.86.22
380,Farlie,Jankovic,fjankovicaj@over-blog.com,Male,192.207.4.90
381,Welbie,Stuther,wstutherak@businessinsider.com,Male,61.93.62.239
382,Haze,Sussams,hsussamsal@bigcartel.com,Agender,107.39.27.87
383,Hope,Hammerman,hhammermanam@wiley.com,Female,221.238.188.6
384,Chico,Village,cvillagean@infoseek.co.jp,Male,144.50.105.233
385,Courtnay,Heaker,cheakerao@amazon.co.jp,Female,37.141.13.247
386,Erhard,Ceci,ececiap@goo.gl,Male,209.93.77.67
387,Anya,Tombs,atombsaq@ezinearticles.com,Female,213.171.76.147
388,Moreen,Kleinbaum,mkleinbaumar@time.com,Female,226.167.8.233
389,Keene,Breens,kbreensas@twitter.com,Male,84.15.221.64
390,Shalne,Ricci,sricciat@hao123.com,Female,182.174.57.242
391,Danica,Atthow,datthowau@google.ca,Female,67.104.7.63
392,Torrance,Bullion,tbullionav@webmd.com,Male,171.188.70.84
393,Dorisa,Ledgeway,dledgewayaw@weibo.com,Female,212.222.65.34
394,Michelina,Chappel,mchappelax@usda.gov,Female,86.230.116.230
395,Valentine,Ochterlony,vochterlonyay@mlb.com,Female,59.70.199.221
396,Yettie,Colebrook,ycolebrookaz@comcast.net,Female,80.243.67.4
397,Joline,Veck,jveckb0@lycos.com,Female,113.74.162.52
398,Carlie,Joris,cjorisb1@dagondesign.com,Female,19.244.167.177
399,Shellysheldon,Jessope,sjessopeb2@delicious.com,Male,220.108.106.75
400,Melvyn,Hannigan,mhanniganb3@opensource.org,Male,208.102.196.182
401,Emera,de la Tremoille,edelatremoilleb4@upenn.edu,Female,44.59.179.142
402,Marylinda,Kedward,mkedwardb5@shareasale.com,Female,64.106.27.146
403,Gill,Rosendorf,grosendorfb6@bbb.org,Male,228.191.253.180
404,Caron,Windridge,cwindridgeb7@google.it,Female,57.26.18.244
405,Miquela,Bracher,mbracherb8@ox.ac.uk,Female,7.204.23.208
406,Neill,Huggard,nhuggardb9@engadget.com,Male,172.15.165.34
407,Stacey,Aitcheson,saitchesonba@tinyurl.com,Female,139.2.51.8
408,Tam,Graver,tgraverbb@vimeo.com,Male,80.63.120.224
409,Pate,Mathelin,pmathelinbc@mediafire.com,Male,231.109.196.86
410,Sollie,Isaq,sisaqbd@twitpic.com,Male,138.191.138.7
411,Quintana,Tomanek,qtomanekbe@about.me,Female,141.178.88.73
412,Ellen,Goodswen,egoodswenbf@bing.com,Female,168.243.152.34
413,Vi,Walklot,vwalklotbg@quantcast.com,Female,93.105.186.98
414,Zahara,Berceros,zbercerosbh@nyu.edu,Female,230.209.167.126
415,Ronny,Stickley,rstickleybi@marketwatch.com,Male,209.171.254.133
416,Carlee,Willoughey,cwillougheybj@jalbum.net,Female,181.53.161.52
417,Garret,Leakner,gleaknerbk@people.com.cn,Male,20.82.213.23
418,Clotilda,Darte,cdartebl@qq.com,Female,104.172.193.17
419,Caty,Prozescky,cprozesckybm@csmonitor.com,Female,188.32.104.10
420,Dagny,Pickering,dpickeringbn@1und1.de,Male,187.205.156.149
421,Maryanna,Benkhe,mbenkhebo@google.com.au,Female,250.233.246.108
422,Bord,Attwool,battwoolbp@mysql.com,Male,212.244.166.137
423,Evangelin,Levett,elevettbq@dell.com,Female,149.249.113.95
424,Bertrando,Titherington,btitheringtonbr@cyberchimps.com,Male,156.174.208.47
425,Bernard,Dooler,bdoolerbs@narod.ru,Male,232.71.25.249
426,Sybyl,Eefting,seeftingbt@wired.com,Female,122.74.68.85
427,Lilas,Rizzotto,lrizzottobu@jimdo.com,Female,124.111.126.107
428,Leann,Scay,lscaybv@jugem.jp,Female,164.40.239.40
429,Salome,Tristram,stristrambw@europa.eu,Female,210.81.4.57
430,Valentijn,Sawyers,vsawyersbx@netscape.com,Male,34.147.101.198
431,Mario,Claige,mclaigeby@discovery.com,Male,87.104.114.255
432,Franciskus,Hewertson,fhewertsonbz@jugem.jp,Male,145.196.229.70
433,Veda,Kattenhorn,vkattenhornc0@npr.org,Female,35.245.168.149
434,Lock,Mart,lmartc1@mozilla.org,Male,215.38.9.21
435,Gnni,Poznan,gpoznanc2@storify.com,Female,178.127.173.130
436,Joyous,Grishukhin,jgrishukhinc3@list-manage.com,Female,163.30.133.55
437,Yankee,Claque,yclaquec4@bloglovin.com,Male,73.246.95.143
438,Dael,Caddie,dcaddiec5@stumbleupon.com,Female,69.108.254.230
439,Rhona,Bakes,rbakesc6@1688.com,Female,44.117.149.140
440,Doreen,Castagnier,dcastagnierc7@samsung.com,Female,70.201.49.104
441,Rice,Kerford,rkerfordc8@linkedin.com,Male,65.186.227.236
442,Harald,Canero,hcaneroc9@state.tx.us,Male,48.99.205.236
443,Laural,Batchelour,lbatchelourca@spiegel.de,Female,9.248.139.13
444,Martainn,Tynemouth,mtynemouthcb@ustream.tv,Polygender,179.191.207.167
445,Davidde,Coit,dcoitcc@vk.com,Male,141.25.177.225
446,Jaimie,Jarrold,jjarroldcd@about.me,Male,190.36.94.233
447,Lev,Aireton,lairetonce@nsw.gov.au,Male,102.165.137.13
448,Jules,Scathard,jscathardcf@last.fm,Male,109.113.113.22
449,Fitz,Mildenhall,fmildenhallcg@ihg.com,Male,191.12.14.138
450,Fonz,Bantick,fbantickch@sogou.com,Male,33.123.47.227
451,Karena,Doidge,kdoidgeci@privacy.gov.au,Female,98.241.5.82
452,Curtice,Sefton,cseftoncj@tinypic.com,Male,207.33.172.27
453,Franchot,Lancett,flancettck@engadget.com,Male,255.147.7.24
454,Grethel,Aldersley,galdersleycl@soup.io,Female,182.37.17.86
455,Tanitansy,Harmston,tharmstoncm@istockphoto.com,Genderqueer,27.207.228.169
456,Luella,Birth,lbirthcn@google.de,Genderfluid,214.98.76.149
457,Zebulon,Pennini,zpenninico@constantcontact.com,Male,16.113.186.245
458,Aggi,MacPharlain,amacpharlaincp@smugmug.com,Female,250.221.143.36
459,Ettie,Keneford,ekenefordcq@hc360.com,Female,122.10.144.171
460,Florence,Albrooke,falbrookecr@example.com,Female,0.72.177.240
461,Rabi,Ridsdole,rridsdolecs@webnode.com,Male,77.102.40.98
462,Luciano,Tongs,ltongsct@mediafire.com,Male,246.42.248.54
463,Rasla,Blyden,rblydencu@soup.io,Genderfluid,173.62.131.78
464,Finn,Escritt,fescrittcv@hubpages.com,Male,101.28.215.246
465,Bevan,Allenby,ballenbycw@un.org,Male,73.115.67.134
466,Sidonia,Miskelly,smiskellycx@ycombinator.com,Female,130.108.211.138
467,Loralee,Gittose,lgittosecy@ftc.gov,Female,4.34.73.125
468,Wit,Larimer,wlarimercz@youku.com,Male,48.233.10.240
469,Tammy,Grishankov,tgrishankovd0@flickr.com,Female,16.107.127.40
470,Shea,Carley,scarleyd1@ted.com,Female,246.209.69.251
471,Kylie,Gergher,kgergherd2@quantcast.com,Male,188.80.2.86
472,Ula,Lakin,ulakind3@jalbum.net,Female,143.191.61.31
473,Maxwell,Bettenson,mbettensond4@wired.com,Male,146.207.74.11
474,Pansie,Trillow,ptrillowd5@berkeley.edu,Female,113.194.18.134
475,Ettie,Czaple,eczapled6@sohu.com,Female,182.119.133.244
476,Collen,Pendlenton,cpendlentond7@de.vu,Non-binary,2.66.206.57
477,Raffarty,Sparshott,rsparshottd8@artisteer.com,Male,147.247.38.177
478,Teador,Raynham,traynhamd9@flickr.com,Male,91.239.198.63
479,Eugenia,Askie,easkieda@google.com.br,Female,37.210.71.167
480,Jacquetta,Money,jmoneydb@mapquest.com,Female,72.191.27.187
481,Lilla,Vankeev,lvankeevdc@arstechnica.com,Female,249.24.233.64
482,Davis,Chimenti,dchimentidd@cbsnews.com,Male,137.249.45.111
483,Almeta,Eilers,aeilersde@multiply.com,Female,251.8.131.191
484,Gayle,Whewill,gwhewilldf@e-recht24.de,Male,24.131.122.90
485,Erminie,Filon,efilondg@moonfruit.com,Female,231.84.72.8
486,Leese,Caldeiro,lcaldeirodh@exblog.jp,Female,236.242.229.1
487,Pietrek,Tschirasche,ptschiraschedi@theglobeandmail.com,Male,231.63.58.220
488,Wayland,O'Hdirscoll,wohdirscolldj@independent.co.uk,Male,66.105.135.244
489,Francene,Leagas,fleagasdk@auda.org.au,Female,140.115.230.21
490,Harriette,Dowsey,hdowseydl@wordpress.org,Bigender,154.232.120.38
491,Valery,Thirwell,vthirwelldm@histats.com,Female,111.216.249.251
492,Sherill,Nagle,snagledn@nationalgeographic.com,Female,5.47.1.30
493,Harv,Ahrendsen,hahrendsendo@wordpress.org,Male,66.168.198.66
494,Dody,Saye,dsayedp@tuttocitta.it,Agender,250.151.9.177
495,Renato,Stockill,rstockilldq@histats.com,Male,49.235.96.153
496,Allix,Domerque,adomerquedr@ed.gov,Female,150.114.112.55
497,Floris,Northern,fnorthernds@baidu.com,Female,240.228.0.74
498,Freddie,Erswell,ferswelldt@yolasite.com,Male,50.95.79.133
499,Edan,Deme,edemedu@who.int,Male,211.235.162.188
500,Roderick,Pulbrook,rpulbrookdv@shinystat.com,Male,52.170.1.188
501,Jaquenetta,Gommes,jgommesdw@yandex.ru,Female,15.27.195.155
502,Nicky,Antonoczyk,nantonoczykdx@engadget.com,Female,0.58.253.101
503,Brandon,Palluschek,bpalluschekdy@gnu.org,Male,184.22.146.65
504,Codi,Gerrell,cgerrelldz@aol.com,Female,50.173.125.226
505,Norton,Vasyukhnov,nvasyukhnove0@stanford.edu,Male,213.235.122.174
506,Jacquenetta,Creus,jcreuse1@slate.com,Female,38.222.218.147
507,Helge,Swannell,hswannelle2@technorati.com,Female,82.193.43.235
508,Rhett,Klimowski,rklimowskie3@uol.com.br,Male,17.26.148.221
509,Sianna,Moxted,smoxtede4@pinterest.com,Female,81.155.213.30
510,Harmonia,Palfery,hpalferye5@adobe.com,Female,90.248.188.201
511,Boot,Bare,bbaree6@google.ru,Male,136.56.22.130
512,L;urette,Shilling,lshillinge7@t.co,Female,94.7.157.194
513,Lew,Astupenas,lastupenase8@utexas.edu,Male,78.247.154.175
514,Lionel,Batterton,lbattertone9@about.me,Male,35.16.9.197
515,Sorcha,Eim,seimea@sourceforge.net,Female,218.58.46.197
516,Ursa,Pendered,upenderedeb@abc.net.au,Agender,136.42.114.134
517,Prinz,Thorneley,pthorneleyec@timesonline.co.uk,Male,45.39.82.152
518,Onida,Faircloth,ofairclothed@utexas.edu,Female,10.218.37.71
519,Chiquita,Jedrzejkiewicz,cjedrzejkiewiczee@1und1.de,Female,45.156.104.107
520,Donni,Lestrange,dlestrangeef@comcast.net,Female,21.142.188.199
521,Emmanuel,Belsher,ebelshereg@google.cn,Male,6.144.15.72
522,Craggie,Cheney,ccheneyeh@mlb.com,Male,182.63.152.136
523,Debora,Shemmin,dshemminei@army.mil,Female,17.29.143.250
524,Vyky,Lucian,vlucianej@ow.ly,Female,146.243.138.251
525,Merell,Franssen,mfranssenek@independent.co.uk,Male,75.8.183.19
526,Celestina,Wolfenden,cwolfendenel@symantec.com,Non-binary,173.217.46.1
527,Anselm,Norwell,anorwellem@state.gov,Male,202.123.18.128
528,Frasco,Checchi,fchecchien@blogspot.com,Genderqueer,196.110.44.124
529,Yoshi,Rickets,yricketseo@ning.com,Female,49.209.26.96
530,Woody,Duncklee,wdunckleeep@economist.com,Male,141.116.60.100
531,Maddie,Arlett,marletteq@istockphoto.com,Bigender,105.15.171.64
532,Tiffi,Menendez,tmenendezer@mashable.com,Agender,202.35.66.177
533,Doria,Thomelin,dthomelines@auda.org.au,Female,177.95.6.230
534,Lindsay,Pashley,lpashleyet@etsy.com,Male,196.90.237.31
535,Bridget,Foyster,bfoystereu@studiopress.com,Female,96.242.162.83
536,Bennie,Dobby,bdobbyev@t-online.de,Male,249.136.159.33
537,Emmy,Reinmar,ereinmarew@facebook.com,Agender,251.172.243.2
538,Brita,Eate,beateex@washington.edu,Female,122.66.46.253
539,Archaimbaud,Itzkovitch,aitzkovitchey@photobucket.com,Male,199.56.152.133
540,Dyan,Winley,dwinleyez@edublogs.org,Female,210.194.89.243
541,Paula,Farriar,pfarriarf0@gizmodo.com,Female,236.44.51.36
542,Madelin,Pickerin,mpickerinf1@utexas.edu,Female,73.38.8.183
543,Morse,Thomlinson,mthomlinsonf2@facebook.com,Genderfluid,67.78.218.141
544,Margarita,Straughan,mstraughanf3@ning.com,Female,25.245.28.51
545,Yves,Squire,ysquiref4@nationalgeographic.com,Male,126.232.213.10
546,Sidnee,Rennebeck,srennebeckf5@networksolutions.com,Male,216.128.214.5
547,Sollie,Kidder,skidderf6@rambler.ru,Male,44.176.208.62
548,Lindsay,Giaomozzo,lgiaomozzof7@icio.us,Male,56.53.145.66
549,Valeria,Cranefield,vcranefieldf8@dagondesign.com,Female,212.66.31.68
550,Domenico,McKintosh,dmckintoshf9@nifty.com,Male,42.140.45.56
551,Madel,Runge,mrungefa@multiply.com,Female,35.85.36.94
552,Patty,Brettelle,pbrettellefb@senate.gov,Male,104.160.21.230
553,Jessamine,Pressnell,jpressnellfc@google.de,Female,80.233.5.236
554,Bonita,Gianilli,bgianillifd@ted.com,Female,139.57.112.118
555,Cordelie,Lamont,clamontfe@va.gov,Polygender,57.126.243.152
556,Bogey,Proschke,bproschkeff@list-manage.com,Male,219.150.162.49
557,Wendie,Maccaddie,wmaccaddiefg@hubpages.com,Female,220.179.91.120
558,Joey,Dunican,jdunicanfh@sbwire.com,Male,174.182.156.3
559,Rubin,Beartup,rbeartupfi@cnn.com,Male,252.205.234.203
560,Hebert,Howselee,hhowseleefj@xrea.com,Male,170.101.234.119
561,Lucho,Bastiman,lbastimanfk@sina.com.cn,Male,200.48.129.44
562,Patience,Ivashev,pivashevfl@princeton.edu,Female,114.149.81.118
563,Wadsworth,Gerrelt,wgerreltfm@booking.com,Male,142.197.50.68
564,Shell,Ferne,sfernefn@paypal.com,Genderqueer,116.185.86.12
565,Devinne,Stolle,dstollefo@4shared.com,Female,174.177.176.236
566,Eberto,Weddup,eweddupfp@w3.org,Male,202.202.145.0
567,Felecia,Carswell,fcarswellfq@ucla.edu,Female,1.138.142.104
568,Tanny,Ledgley,tledgleyfr@psu.edu,Male,38.181.56.212
569,Teriann,Jeffries,tjeffriesfs@bluehost.com,Female,175.53.211.190
570,Cornelius,Pocock,cpocockft@statcounter.com,Male,136.191.30.94
571,Gabbey,Thurlbourne,gthurlbournefu@netscape.com,Female,98.106.202.24
572,Sargent,Gheerhaert,sgheerhaertfv@imageshack.us,Male,26.73.206.169
573,Roosevelt,McJarrow,rmcjarrowfw@senate.gov,Male,172.220.254.213
574,Zaneta,Vauls,zvaulsfx@ihg.com,Female,10.255.130.83
575,Sukey,Wagner,swagnerfy@vk.com,Polygender,236.135.35.207
576,Felicio,De Mattia,fdemattiafz@topsy.com,Male,181.156.57.52
577,Adler,Iacopetti,aiacopettig0@cloudflare.com,Male,187.52.237.221
578,Artair,Newborn,anewborng1@mapy.cz,Male,149.252.105.184
579,Trey,Phuprate,tphuprateg2@amazonaws.com,Male,120.66.120.178
580,Roxanna,Roset,rrosetg3@prlog.org,Female,134.119.63.10
581,Dacie,Shingler,dshinglerg4@youtu.be,Female,52.203.227.255
582,Fransisco,Cavnor,fcavnorg5@opensource.org,Male,114.141.7.147
583,Clare,Armes,carmesg6@theglobeandmail.com,Female,104.26.30.202
584,Scotti,MacEntee,smacenteeg7@nature.com,Male,226.217.143.148
585,Merralee,Peschet,mpeschetg8@goodreads.com,Female,88.233.232.224
586,Vlad,Broschek,vbroschekg9@ycombinator.com,Male,228.2.98.126
587,Lyndsay,Gadeaux,lgadeauxga@artisteer.com,Female,226.161.66.59
588,Clyde,Peel,cpeelgb@ocn.ne.jp,Genderqueer,61.45.162.250
589,Minda,Beecraft,mbeecraftgc@pcworld.com,Female,204.153.131.72
590,Hammad,Howsley,hhowsleygd@patch.com,Male,9.32.147.126
591,Uriah,Glowacha,uglowachage@tripod.com,Male,178.95.3.153
592,Smitty,Limpricht,slimprichtgf@bandcamp.com,Male,116.36.168.94
593,Marcello,Gurton,mgurtongg@topsy.com,Male,116.55.19.81
594,Stacy,Waddam,swaddamgh@nsw.gov.au,Male,160.69.168.97
595,Humfrey,Kemer,hkemergi@businessinsider.com,Male,19.2.201.191
596,Zak,Marciek,zmarciekgj@answers.com,Male,163.31.95.102
597,Erek,Biddulph,ebiddulphgk@google.es,Male,85.234.70.43
598,Clay,Manners,cmannersgl@techcrunch.com,Male,36.48.67.34
599,Sutherland,Durnian,sdurniangm@cnn.com,Male,87.0.24.15
600,Garner,Fauning,gfauninggn@quantcast.com,Male,179.109.16.163
601,Abrahan,Zamora,azamorago@omniture.com,Male,204.15.230.17
602,Gerda,Becconsall,gbecconsallgp@cocolog-nifty.com,Female,86.44.154.104
603,Jourdain,Raff,jraffgq@clickbank.net,Male,117.101.220.205
604,Christophe,Simony,csimonygr@gmpg.org,Male,77.65.76.53
605,Oswell,Kurt,okurtgs@reddit.com,Male,202.61.251.210
606,Inigo,Hutchinson,ihutchinsongt@ocn.ne.jp,Male,197.83.60.253
607,Atalanta,Tomeo,atomeogu@etsy.com,Female,19.13.76.188
608,Jerald,Larvor,jlarvorgv@infoseek.co.jp,Male,128.93.152.79
609,Latashia,Puddin,lpuddingw@cnn.com,Female,164.132.192.46
610,Delbert,Pratley,dpratleygx@irs.gov,Male,246.36.255.239
611,Aubrette,Wooller,awoollergy@pagesperso-orange.fr,Female,221.74.48.110
612,Gunner,Braybrookes,gbraybrookesgz@ning.com,Male,39.217.12.198
613,Joya,Bonicelli,jbonicellih0@statcounter.com,Female,183.198.124.127
614,Hewe,Hultberg,hhultbergh1@stumbleupon.com,Male,124.196.200.36
615,Charmine,Lucius,cluciush2@cloudflare.com,Agender,90.203.67.6
616,Sharleen,Nono,snonoh3@toplist.cz,Female,26.241.228.226
617,Davis,Gallymore,dgallymoreh4@ed.gov,Male,182.66.14.68
618,Hermie,Dunnaway,hdunnawayh5@elegantthemes.com,Male,146.247.181.156
619,Barbi,Sellstrom,bsellstromh6@wordpress.com,Female,80.245.253.92
620,Linette,Hallowes,lhallowesh7@cornell.edu,Female,82.208.15.184
621,Nancy,Battman,nbattmanh8@cnbc.com,Agender,102.82.185.191
622,Hatty,Pryde,hprydeh9@acquirethisname.com,Female,40.59.83.150
623,Florencia,Izen,fizenha@smh.com.au,Female,173.146.88.110
624,Catharina,Pargiter,cpargiterhb@booking.com,Female,201.137.173.45
625,Irita,Tomankowski,itomankowskihc@nytimes.com,Female,76.234.215.89
626,Nixie,Loudian,nloudianhd@dailymail.co.uk,Female,184.27.191.106
627,Bridget,Allsebrook,ballsebrookhe@vk.com,Female,150.9.67.37
628,Hedda,Jebb,hjebbhf@bigcartel.com,Female,21.239.57.241
629,Garnet,Aughton,gaughtonhg@sourceforge.net,Female,70.213.153.250
630,Von,Timms,vtimmshh@hc360.com,Male,20.130.19.38
631,Erminia,Adamiak,eadamiakhi@nbcnews.com,Female,151.170.31.111
632,Aurore,Kinker,akinkerhj@parallels.com,Female,159.99.63.201
633,Rosco,Hefner,rhefnerhk@exblog.jp,Male,100.227.17.26
634,Rich,Weller,rwellerhl@bbb.org,Male,156.87.63.192
635,Briant,Master,bmasterhm@time.com,Male,104.167.114.89
636,Perla,Dauber,pdauberhn@techcrunch.com,Female,89.184.53.42
637,Marnie,Rushby,mrushbyho@wsj.com,Female,119.213.26.228
638,Nydia,Shipman,nshipmanhp@mapquest.com,Female,27.172.187.17
639,Ulric,Wellum,uwellumhq@boston.com,Male,29.19.163.223
640,Dorolice,O' Quirk,doquirkhr@webnode.com,Non-binary,169.26.253.92
641,Jenilee,Vanderson,jvandersonhs@umich.edu,Female,37.210.37.193
642,Jakie,Applin,japplinht@cnn.com,Male,0.193.68.99
643,Chris,Timson,ctimsonhu@myspace.com,Female,236.129.199.87
644,Marthena,Agastina,magastinahv@is.gd,Female,102.180.25.195
645,Gisela,Rudgerd,grudgerdhw@yellowbook.com,Female,73.75.42.111
646,Tait,Bellsham,tbellshamhx@google.com,Male,219.124.26.33
647,Ina,Marmyon,imarmyonhy@miitbeian.gov.cn,Female,105.244.228.169
648,Nicolis,Huett,nhuetthz@nyu.edu,Male,66.19.211.2
649,Clement,Libbie,clibbiei0@latimes.com,Male,7.121.142.24
650,Daveta,Chyuerton,dchyuertoni1@apache.org,Female,145.251.234.175
651,Ninon,Merida,nmeridai2@shutterfly.com,Female,3.191.228.122
652,Theodora,Ecles,teclesi3@phoca.cz,Female,168.128.75.252
653,Ethel,Hathaway,ehathawayi4@nba.com,Female,12.117.18.227
654,Vania,Broek,vbroeki5@purevolume.com,Female,200.150.25.245
655,Sydel,Blythe,sblythei6@barnesandnoble.com,Female,201.60.58.55
656,Davie,Vanyushin,dvanyushini7@seattletimes.com,Male,46.151.16.229
657,Harrie,Longthorne,hlongthornei8@uiuc.edu,Female,136.94.66.202
658,Ike,Phizaclea,iphizacleai9@hao123.com,Male,170.193.54.223
659,Aldo,McFayden,amcfaydenia@sohu.com,Genderqueer,244.62.170.76
660,Mattias,McCerery,mmccereryib@globo.com,Male,53.247.63.84
661,Gothart,Olenichev,golenichevic@is.gd,Male,254.55.111.151
662,Goldarina,Behrens,gbehrensid@arstechnica.com,Non-binary,18.200.49.161
663,Rockwell,Berrington,rberringtonie@forbes.com,Male,75.18.210.237
664,Silas,MacGeffen,smacgeffenif@1und1.de,Male,82.53.243.189
665,Cory,Barniss,cbarnissig@google.nl,Female,155.182.178.25
666,Goddard,Moodey,gmoodeyih@wisc.edu,Male,199.64.133.171
667,Bronnie,Maria,bmariaii@princeton.edu,Male,231.158.206.159
668,Harlan,Belliveau,hbelliveauij@nps.gov,Male,178.252.105.182
669,Florina,Buckham,fbuckhamik@friendfeed.com,Female,18.217.44.234
670,Marcello,O'Fairy,mofairyil@wordpress.org,Male,212.96.21.218
671,Retha,Van Saltsberg,rvansaltsbergim@newyorker.com,Female,36.49.98.25
672,Agustin,Antognoni,aantognoniin@redcross.org,Male,159.145.97.200
673,Glenn,Foley,gfoleyio@mozilla.com,Male,148.90.60.220
674,Elias,Regi,eregiip@cnbc.com,Male,218.26.61.195
675,Wandis,Salmoni,wsalmoniiq@timesonline.co.uk,Female,18.176.2.28
676,Whitby,Oneil,woneilir@nasa.gov,Male,18.246.123.43
677,Rebbecca,Stinton,rstintonis@paypal.com,Female,28.35.241.31
678,Eal,Iacovuzzi,eiacovuzziit@sciencedaily.com,Male,128.202.181.67
679,Anders,Neasam,aneasamiu@nhs.uk,Male,245.167.215.179
680,Teddy,Andrez,tandreziv@unc.edu,Male,123.131.34.34
681,Almire,Gwyther,agwytheriw@mayoclinic.com,Female,39.219.231.242
682,Irena,Penhall,ipenhallix@sfgate.com,Female,23.134.94.147
683,Thane,Turvey,tturveyiy@github.io,Male,215.142.1.118
684,Deb,Dudson,ddudsoniz@rediff.com,Female,128.165.250.214
685,Trude,Denington,tdeningtonj0@ucsd.edu,Female,151.169.247.0
686,Casey,Cargen,ccargenj1@biglobe.ne.jp,Male,109.8.110.236
687,Porty,Saing,psaingj2@comcast.net,Bigender,235.229.197.212
688,Rafaelita,Abrashkov,rabrashkovj3@unicef.org,Polygender,101.228.250.65
689,Mace,McNab,mmcnabj4@eventbrite.com,Male,81.50.236.186
690,Catlin,Mattke,cmattkej5@bbc.co.uk,Female,135.60.237.248
691,Binny,Fandrey,bfandreyj6@nbcnews.com,Female,247.92.237.148
692,Eleni,McNee,emcneej7@imageshack.us,Female,43.101.4.118
693,Abbi,Mapledoram,amapledoramj8@ed.gov,Female,40.246.85.132
694,Natasha,Seabrooke,nseabrookej9@wikispaces.com,Female,31.72.146.11
695,Arlyne,Paule,apauleja@tumblr.com,Female,208.44.168.25
696,Glennie,Blewmen,gblewmenjb@storify.com,Female,132.63.73.7
697,Charlie,Hodcroft,chodcroftjc@scientificamerican.com,Male,6.5.79.18
698,Gerome,Singh,gsinghjd@phoca.cz,Male,218.104.9.158
699,Patty,Heaford,pheafordje@jiathis.com,Male,253.121.223.249
700,Shellysheldon,Dubble,sdubblejf@senate.gov,Agender,172.71.16.241
701,Colet,De Mico,cdemicojg@soundcloud.com,Male,68.116.99.17
702,Mira,Quiddihy,mquiddihyjh@state.gov,Agender,149.155.62.203
703,Kerrill,Freestone,kfreestoneji@uol.com.br,Female,213.136.224.163
704,Manolo,Mathevet,mmathevetjj@businesswire.com,Male,120.243.26.54
705,Bord,Whittlesee,bwhittleseejk@chron.com,Male,201.215.158.233
706,Sibylle,Loveridge,sloveridgejl@xinhuanet.com,Female,10.192.97.52
707,Elonore,Toyne,etoynejm@dailymotion.com,Female,93.52.35.235
708,Pancho,Baldcock,pbaldcockjn@skyrock.com,Male,135.237.27.208
709,Victoria,Dyhouse,vdyhousejo@cnn.com,Female,227.215.80.191
710,Kania,Estcot,kestcotjp@nih.gov,Female,238.84.141.179
711,Dorise,Clipson,dclipsonjq@sohu.com,Female,248.232.254.28
712,Ezra,Woolf,ewoolfjr@altervista.org,Male,169.3.116.153
713,Janeen,Widdows,jwiddowsjs@un.org,Female,196.123.157.165
714,Christiano,Czyz,cczyzjt@indiegogo.com,Genderfluid,250.134.19.63
715,Waneta,Mewhirter,wmewhirterju@rediff.com,Female,123.95.92.8
716,Rurik,Hindes,rhindesjv@indiatimes.com,Male,55.193.168.160
717,Kevan,Kleinstub,kkleinstubjw@ox.ac.uk,Male,224.44.151.168
718,Raymond,Mulvany,rmulvanyjx@yellowbook.com,Male,180.28.134.67
719,Elia,Maunsell,emaunselljy@mit.edu,Male,97.56.15.182
720,Charmaine,McOrkil,cmcorkiljz@sitemeter.com,Female,128.16.201.130
721,Conan,Odom,codomk0@fc2.com,Male,27.239.231.92
722,Ara,Sinkin,asinkink1@flavors.me,Female,75.226.84.95
723,Celeste,Meas,cmeask2@usnews.com,Polygender,180.72.155.104
724,Isa,Kinnen,ikinnenk3@istockphoto.com,Male,26.55.172.244
725,Everett,Paulou,epaulouk4@xinhuanet.com,Male,49.124.214.146
726,Christan,Manuely,cmanuelyk5@hostgator.com,Female,250.175.47.61
727,Ardelia,Rossetti,arossettik6@latimes.com,Female,127.33.159.33
728,Kean,Kinavan,kkinavank7@huffingtonpost.com,Male,76.17.125.147
729,Winifred,Woodington,wwoodingtonk8@amazon.de,Female,56.92.40.157
730,Rick,Astman,rastmank9@telegraph.co.uk,Male,84.164.72.80
731,Petra,Spurdon,pspurdonka@blogspot.com,Female,30.132.194.240
732,Budd,Veness,bvenesskb@imgur.com,Male,12.232.113.114
733,Hendrik,Wolseley,hwolseleykc@dagondesign.com,Non-binary,235.138.108.1
734,Denys,Hatherley,dhatherleykd@odnoklassniki.ru,Male,91.47.206.14
735,Reagan,Heasley,rheasleyke@paginegialle.it,Male,81.228.12.128
736,Adena,Guilloton,aguillotonkf@arizona.edu,Female,230.24.185.196
737,Joly,Foad,jfoadkg@nhs.uk,Female,146.103.154.112
738,Damon,Vittle,dvittlekh@theguardian.com,Male,221.49.198.92
739,Petronia,Mowsdale,pmowsdaleki@vk.com,Female,221.114.71.28
740,Rivalee,Harriot,rharriotkj@simplemachines.org,Female,207.5.162.234
741,Josiah,Waldron,jwaldronkk@bizjournals.com,Male,157.229.224.73
742,Allin,McFeat,amcfeatkl@redcross.org,Male,217.83.197.213
743,Ambrosi,Rosendahl,arosendahlkm@gov.uk,Male,39.215.198.202
744,Byrann,McAuslene,bmcauslenekn@loc.gov,Male,246.62.11.140
745,Paolo,Gore,pgoreko@jalbum.net,Male,214.92.154.194
746,Camille,Eckly,cecklykp@goodreads.com,Female,241.95.192.156
747,Marylee,Frisch,mfrischkq@blogs.com,Female,209.249.41.255
748,Kelwin,Chiechio,kchiechiokr@hud.gov,Male,168.217.156.66
749,Mitchael,Orchard,morchardks@scribd.com,Male,52.205.149.80
750,Cindelyn,Quan,cquankt@about.me,Female,154.212.29.119
751,Jeth,Cloutt,jclouttku@timesonline.co.uk,Male,9.8.125.122
752,Shurlocke,Scopham,sscophamkv@live.com,Polygender,11.6.109.178
753,Grove,Daulton,gdaultonkw@twitpic.com,Male,214.213.5.125
754,David,Fillery,dfillerykx@drupal.org,Male,149.136.185.105
755,Elonore,Biernacki,ebiernackiky@sbwire.com,Female,42.253.115.161
756,Charmaine,Oleszczak,coleszczakkz@scribd.com,Female,77.8.2.58
757,Archer,Picopp,apicoppl0@marketwatch.com,Male,108.117.99.2
758,Bryn,Fulep,bfulepl1@statcounter.com,Female,96.210.172.73
759,Anastassia,Gerding,agerdingl2@ibm.com,Female,220.50.111.170
760,Cherin,Cesco,ccescol3@jalbum.net,Genderfluid,195.67.62.80
761,Hall,Claridge,hclaridgel4@cnn.com,Male,159.34.248.196
762,Ronnie,Avrahm,ravrahml5@tamu.edu,Polygender,104.252.154.134
763,Minnnie,Jurasek,mjurasekl6@themeforest.net,Female,70.232.155.129
764,Cart,Mar,cmarl7@upenn.edu,Male,116.127.69.38
765,Nikolai,Skellon,nskellonl8@unicef.org,Male,163.112.12.238
766,Edgard,Connick,econnickl9@scribd.com,Male,31.33.31.194
767,Mallorie,Watmore,mwatmorela@dagondesign.com,Polygender,7.53.152.108
768,Carley,Ennion,cennionlb@imgur.com,Female,131.206.170.247
769,Foster,Laphorn,flaphornlc@constantcontact.com,Male,141.136.219.1
770,Sinclair,Stienton,sstientonld@hostgator.com,Male,163.111.44.209
771,Lorilee,Feitosa,lfeitosale@opera.com,Female,209.171.133.245
772,Gustaf,Clee,gcleelf@goodreads.com,Male,245.46.245.73
773,Payton,Saiger,psaigerlg@cdbaby.com,Male,117.180.7.246
774,Aluino,Chastand,achastandlh@plala.or.jp,Male,40.35.88.128
775,Caressa,Maidment,cmaidmentli@nbcnews.com,Female,187.36.234.167
776,Esta,Coldbath,ecoldbathlj@twitpic.com,Female,47.69.198.19
777,Arlen,Fermor,afermorlk@dedecms.com,Male,89.94.85.204
778,Yovonnda,Wrenn,ywrennll@ftc.gov,Bigender,157.132.140.93
779,Kenny,Malden,kmaldenlm@cdbaby.com,Male,109.130.118.53
780,Milissent,Gulliford,mgullifordln@washingtonpost.com,Female,203.199.155.205
781,Odey,Firmin,ofirminlo@sun.com,Male,66.55.188.127
782,Dimitry,Ciardo,dciardolp@dion.ne.jp,Male,52.106.0.34
783,Celesta,Feldbrin,cfeldbrinlq@java.com,Female,121.102.75.223
784,Nicko,Yakushkev,nyakushkevlr@nba.com,Male,39.171.60.160
785,Suzann,Grishmanov,sgrishmanovls@clickbank.net,Female,56.65.154.65
786,Katrina,Seymark,kseymarklt@barnesandnoble.com,Female,201.244.213.92
787,Rania,Benge,rbengelu@guardian.co.uk,Female,135.254.115.107
788,Roanne,Peterken,rpeterkenlv@google.de,Female,108.20.31.213
789,Tremaine,Klauer,tklauerlw@dagondesign.com,Male,173.16.253.25
790,Winne,Bovey,wboveylx@wikipedia.org,Female,243.141.107.228
791,Northrop,Pender,npenderly@sun.com,Non-binary,242.234.157.191
792,Isadora,Docherty,idochertylz@technorati.com,Female,253.83.4.128
793,Karlik,Kneeshaw,kkneeshawm0@technorati.com,Male,129.161.16.233
794,Teri,Bugden,tbugdenm1@unc.edu,Female,203.177.205.65
795,Dionne,Veschambes,dveschambesm2@wikispaces.com,Female,156.69.148.172
796,Adriana,Radmer,aradmerm3@soup.io,Female,252.86.115.57
797,Fayth,Kezor,fkezorm4@mashable.com,Female,205.189.116.163
798,Lutero,Aubray,laubraym5@redcross.org,Bigender,52.81.168.103
799,Darby,Skule,dskulem6@blog.com,Female,225.16.163.55
800,Aime,Feldman,afeldmanm7@vinaora.com,Female,142.23.242.123
801,Nancie,Gambrell,ngambrellm8@ftc.gov,Female,99.140.173.101
802,Donnie,Hawker,dhawkerm9@reuters.com,Male,170.146.87.233
803,Maisey,Souttar,msouttarma@posterous.com,Female,195.130.233.160
804,Hew,Lukash,hlukashmb@xinhuanet.com,Polygender,111.167.208.192
805,Florella,Stuart,fstuartmc@chicagotribune.com,Female,189.135.40.112
806,Electra,Barrabeale,ebarrabealemd@rediff.com,Female,234.66.186.42
807,Tersina,Drexel,tdrexelme@state.tx.us,Female,125.67.71.38
808,Dionysus,Kerman,dkermanmf@sogou.com,Male,207.226.46.175
809,Lenka,Sneesby,lsneesbymg@theatlantic.com,Female,131.74.6.185
810,Aggi,Alekhov,aalekhovmh@cam.ac.uk,Female,160.219.252.171
811,Tabor,Pickavant,tpickavantmi@istockphoto.com,Male,192.236.136.211
812,Spence,Vankin,svankinmj@pinterest.com,Polygender,167.209.156.11
813,Deanna,Bruty,dbrutymk@de.vu,Female,146.93.86.221
814,Sadie,Fawltey,sfawlteyml@google.es,Female,10.52.247.80
815,Julita,Piesold,jpiesoldmm@reference.com,Female,107.99.34.108
816,Anallese,Mangeot,amangeotmn@tmall.com,Female,75.233.182.152
817,Benedicto,Hatje,bhatjemo@bigcartel.com,Polygender,168.220.34.115
818,Ethan,Dorot,edorotmp@auda.org.au,Male,219.86.196.66
819,Tabbatha,Isitt,tisittmq@issuu.com,Non-binary,32.40.107.77
820,Alvan,Sarfatti,asarfattimr@purevolume.com,Male,16.239.148.18
821,Lanette,Steen,lsteenms@google.cn,Female,207.106.199.213
822,Arnuad,Clementucci,aclementuccimt@economist.com,Male,247.222.140.206
823,Jacinthe,Timson,jtimsonmu@rakuten.co.jp,Female,146.209.197.19
824,Elias,Terbeck,eterbeckmv@mapy.cz,Genderfluid,198.242.163.29
825,Ethelind,Ganforthe,eganforthemw@reddit.com,Female,8.31.39.70
826,Asia,Libri,alibrimx@eepurl.com,Female,234.92.122.207
827,Benedetto,Bestwick,bbestwickmy@yolasite.com,Male,144.111.60.243
828,Tommie,Deave,tdeavemz@oaic.gov.au,Female,120.175.178.51
829,Adelbert,Claxson,aclaxsonn0@yahoo.co.jp,Male,148.68.163.37
830,Sissie,Lampett,slampettn1@slideshare.net,Bigender,217.35.110.18
831,Gery,Jeffree,gjeffreen2@state.gov,Male,38.181.162.245
832,Marisa,Lamb,mlambn3@foxnews.com,Female,187.98.90.123
833,Evyn,Jailler,ejaillern4@wp.com,Genderqueer,20.187.119.76
834,Aldridge,Lackeye,alackeyen5@latimes.com,Male,177.12.3.37
835,Goldia,Schwand,gschwandn6@cafepress.com,Female,252.174.26.140
836,Tiffi,Whitter,twhittern7@odnoklassniki.ru,Female,173.124.150.121
837,Craig,Faivre,cfaivren8@delicious.com,Male,181.2.116.84
838,Boyce,Tzar,btzarn9@twitpic.com,Male,175.208.74.58
839,Marcelline,Menere,mmenerena@digg.com,Female,42.179.92.239
840,Marshal,Jendrach,mjendrachnb@shop-pro.jp,Male,95.0.182.17
841,Garwood,Keyho,gkeyhonc@harvard.edu,Male,5.171.144.34
842,Barbaraanne,Darington,bdaringtonnd@uol.com.br,Female,162.216.202.111
843,Ekaterina,Don,edonne@go.com,Female,245.58.25.28
844,Lanita,Aizkovitch,laizkovitchnf@bizjournals.com,Genderqueer,225.149.46.196
845,Leonora,Frowd,lfrowdng@paginegialle.it,Female,118.80.68.243
846,Tootsie,Renny,trennynh@aol.com,Female,226.154.22.234
847,Carolann,Korneichuk,ckorneichukni@washington.edu,Female,31.249.140.122
848,Sylas,Nice,snicenj@bizjournals.com,Male,2.40.243.198
849,Loy,Kynd,lkyndnk@ihg.com,Male,51.25.43.222
850,Ansley,Scading,ascadingnl@techcrunch.com,Female,188.149.215.18
851,Selene,Yakobovitz,syakobovitznm@bbb.org,Female,34.66.59.169
852,Alon,Purseglove,apurseglovenn@yelp.com,Male,101.229.93.14
853,Tripp,Skupinski,tskupinskino@google.ca,Male,208.20.237.198
854,Sherlocke,Cuseick,scuseicknp@geocities.jp,Male,152.56.9.239
855,Berry,Hartzenberg,bhartzenbergnq@hc360.com,Female,148.28.198.36
856,Clevie,Corneck,ccornecknr@paypal.com,Male,165.4.152.65
857,Anthia,Heathorn,aheathornns@weibo.com,Female,123.23.46.225
858,Shena,Snoding,ssnodingnt@slideshare.net,Female,96.155.41.54
859,Danita,Firk,dfirknu@themeforest.net,Female,34.111.104.0
860,Gardiner,Fetterplace,gfetterplacenv@wisc.edu,Male,120.55.68.183
861,Clea,Bairstow,cbairstownw@taobao.com,Polygender,23.105.88.221
862,Lon,Pigney,lpigneynx@prlog.org,Male,97.86.92.189
863,Rayshell,Klement,rklementny@nih.gov,Female,231.97.27.96
864,Rori,Konig,rkonignz@xinhuanet.com,Female,68.92.111.178
865,Corinna,Crevagh,ccrevagho0@typepad.com,Female,105.75.208.208
866,Dewain,Cheine,dcheineo1@wired.com,Male,208.79.51.214
867,Tory,Tailour,ttailouro2@liveinternet.ru,Female,106.200.3.217
868,Sybyl,Mabee,smabeeo3@java.com,Female,254.89.41.216
869,Beck,McHardy,bmchardyo4@360.cn,Male,195.215.246.38
870,Crista,Goward,cgowardo5@usa.gov,Female,241.20.218.188
871,Cathi,Molyneux,cmolyneuxo6@cisco.com,Female,249.47.167.12
872,Sashenka,Barthelet,sbartheleto7@epa.gov,Female,148.31.216.218
873,Mattheus,Popple,mpoppleo8@cdc.gov,Male,196.165.155.89
874,Ram,Vittery,rvitteryo9@taobao.com,Male,138.75.163.152
875,Benoite,Hartegan,bharteganoa@ask.com,Female,7.25.113.194
876,Ayn,Petrecz,apetreczob@npr.org,Female,115.94.61.146
877,Krista,Hillum,khillumoc@arizona.edu,Female,52.96.2.63
878,Faith,Standing,fstandingod@mysql.com,Female,23.57.17.208
879,Lawry,Antoshin,lantoshinoe@squarespace.com,Male,76.86.128.86
880,Urbanus,Jeandon,ujeandonof@gizmodo.com,Male,150.123.126.79
881,Deni,De Clairmont,ddeclairmontog@umich.edu,Female,68.38.86.66
882,Wallis,Dytham,wdythamoh@marketwatch.com,Female,136.127.128.139
883,Merralee,Fredy,mfredyoi@nifty.com,Genderqueer,141.167.168.180
884,Prent,MacPaden,pmacpadenoj@sciencedaily.com,Male,143.97.68.77
885,Bernette,Cuppleditch,bcuppleditchok@rambler.ru,Female,244.37.169.147
886,Allan,Edington,aedingtonol@sun.com,Male,185.209.191.216
887,Merridie,Berthomier,mberthomierom@stumbleupon.com,Female,183.43.60.35
888,Terrijo,Dorset,tdorseton@liveinternet.ru,Female,150.110.31.18
889,Julius,Duthie,jduthieoo@google.es,Male,243.74.26.149
890,Viola,Jinks,vjinksop@blogs.com,Female,251.4.123.230
891,Brod,Stapleford,bstaplefordoq@globo.com,Male,54.139.252.87
892,Ronny,Tanton,rtantonor@prlog.org,Male,32.249.188.100
893,Ethelda,Mayor,emayoros@icio.us,Female,230.247.177.163
894,Thia,Witterick,twitterickot@yelp.com,Female,140.0.237.94
895,Duky,Benedettini,dbenedettiniou@dell.com,Polygender,243.89.46.159
896,Lutero,Kretschmer,lkretschmerov@cmu.edu,Male,2.1.144.187
897,Stanwood,Moulder,smoulderow@histats.com,Male,175.140.65.76
898,Davie,Zink,dzinkox@sogou.com,Male,131.60.27.108
899,Petunia,Kermeen,pkermeenoy@wikispaces.com,Agender,97.214.126.97
900,Natale,Grindrod,ngrindrodoz@bravesites.com,Male,20.98.212.213
901,Orelee,Stronack,ostronackp0@mlb.com,Female,9.123.213.6
902,Mozes,Anders,mandersp1@tripadvisor.com,Male,166.163.23.70
903,Irv,Narrie,inarriep2@prlog.org,Male,5.190.140.6
904,Mohandis,Kollas,mkollasp3@skype.com,Male,49.9.170.7
905,Stephannie,Lorentz,slorentzp4@pinterest.com,Female,124.67.63.200
906,Dniren,Shimony,dshimonyp5@csmonitor.com,Female,131.53.120.183
907,Afton,Ferrotti,aferrottip6@addthis.com,Female,220.100.42.174
908,Wilt,Schneidau,wschneidaup7@nba.com,Male,49.114.82.30
909,Bing,Elliston,bellistonp8@nasa.gov,Male,90.221.99.136
910,Wynn,Reckus,wreckusp9@vimeo.com,Female,9.122.108.68
911,Roberta,Causbey,rcausbeypa@stanford.edu,Female,71.9.109.83
912,Quinta,Grosier,qgrosierpb@reference.com,Female,164.127.224.230
913,Anet,Scarborough,ascarboroughpc@altervista.org,Genderqueer,243.124.7.101
914,Baudoin,Phillot,bphillotpd@indiatimes.com,Male,120.251.33.228
915,Conny,Petrolli,cpetrollipe@yahoo.co.jp,Female,169.25.80.144
916,Bernadina,Kopelman,bkopelmanpf@alexa.com,Female,100.59.245.15
917,Hillier,Duran,hduranpg@timesonline.co.uk,Male,16.60.139.84
918,Darcy,Hairon,dhaironph@wunderground.com,Polygender,171.3.199.199
919,Dani,Bettridge,dbettridgepi@opensource.org,Female,21.140.195.123
920,Zacharia,Fidelli,zfidellipj@cloudflare.com,Male,241.121.133.174
921,Theodosia,Varndell,tvarndellpk@prweb.com,Female,144.150.205.253
922,Pauli,Quincee,pquinceepl@google.com,Female,29.171.173.232
923,Corbin,Johnikin,cjohnikinpm@geocities.jp,Male,49.192.38.181
924,Enrique,Slavin,eslavinpn@yellowpages.com,Male,7.217.239.142
925,Haroun,Legendre,hlegendrepo@spiegel.de,Male,95.158.57.118
926,Fabiano,Yushachkov,fyushachkovpp@hubpages.com,Male,45.128.65.68
927,Shoshanna,Waberer,swabererpq@wikispaces.com,Female,242.178.240.170
928,Jud,Feaster,jfeasterpr@infoseek.co.jp,Male,136.254.98.234
929,Chancey,Elsom,celsomps@tumblr.com,Male,188.184.156.7
930,Vlad,Vanyushkin,vvanyushkinpt@spiegel.de,Non-binary,17.65.5.169
931,Nicolais,Philipeau,nphilipeaupu@ucoz.ru,Male,56.128.51.82
932,Blinnie,Jaggar,bjaggarpv@over-blog.com,Non-binary,135.174.194.8
933,Bess,Butler,bbutlerpw@nbcnews.com,Female,135.29.37.201
934,Jedediah,Gannaway,jgannawaypx@ocn.ne.jp,Male,212.150.254.95
935,Rowena,Mateev,rmateevpy@shop-pro.jp,Polygender,1.32.109.88
936,Gypsy,Heining,gheiningpz@youtu.be,Female,149.8.235.3
937,Katie,Danit,kdanitq0@g.co,Female,141.19.254.205
938,Dolly,Rizzone,drizzoneq1@ifeng.com,Female,79.108.165.82
939,Hercule,Alfonzo,halfonzoq2@lulu.com,Male,229.186.200.10
940,Woody,Nafziger,wnafzigerq3@utexas.edu,Male,152.103.254.39
941,Kleon,Wieprecht,kwieprechtq4@eventbrite.com,Male,196.69.55.53
942,Vanya,Norley,vnorleyq5@vistaprint.com,Male,176.65.100.252
943,Austen,Klarzynski,aklarzynskiq6@rakuten.co.jp,Genderfluid,178.133.199.144
944,Daryle,Guarin,dguarinq7@rakuten.co.jp,Male,115.161.107.242
945,Kale,Brimmacombe,kbrimmacombeq8@columbia.edu,Male,27.62.106.2
946,Tomlin,Rubenczyk,trubenczykq9@vinaora.com,Male,54.55.13.129
947,Palmer,Darlison,pdarlisonqa@bravesites.com,Male,222.199.76.196
948,Gaultiero,Kegley,gkegleyqb@tinyurl.com,Male,153.169.236.155
949,Dalia,De Ruel,dderuelqc@hubpages.com,Female,235.0.65.132
950,Bogey,Sickamore,bsickamoreqd@com.com,Male,77.210.168.157
951,Dieter,Magenny,dmagennyqe@usda.gov,Genderfluid,90.71.118.25
952,Connie,Frears,cfrearsqf@sfgate.com,Male,126.117.129.81
953,Aviva,Concannon,aconcannonqg@netscape.com,Genderfluid,202.192.81.9
954,Abby,Semaine,asemaineqh@360.cn,Male,120.175.135.199
955,Roslyn,Spoors,rspoorsqi@buzzfeed.com,Bigender,105.176.184.232
956,Vincenz,Spurrett,vspurrettqj@house.gov,Male,32.189.76.111
957,Reina,Claire,rclaireqk@tamu.edu,Female,193.1.83.93
958,Shari,Kingh,skinghql@dagondesign.com,Female,56.125.83.31
959,Janis,Powers,jpowersqm@fotki.com,Female,89.90.73.156
960,Ulick,MacAlpine,umacalpineqn@hp.com,Bigender,222.141.152.39
961,Loren,Pargeter,lpargeterqo@arizona.edu,Female,243.164.117.104
962,Rhea,Mayfield,rmayfieldqp@fastcompany.com,Genderqueer,77.142.222.204
963,Gena,Crippell,gcrippellqq@yolasite.com,Female,207.24.135.137
964,Linea,Thorius,lthoriusqr@google.cn,Female,188.251.14.190
965,Maurise,Puttan,mputtanqs@mail.ru,Male,233.157.198.203
966,Phillis,Kacheller,pkachellerqt@google.nl,Female,195.107.142.246
967,Sven,Allridge,sallridgequ@oaic.gov.au,Male,176.122.10.40
968,Nixie,Cheverell,ncheverellqv@dropbox.com,Female,11.169.234.255
969,Prinz,Maidens,pmaidensqw@flavors.me,Male,253.158.22.3
970,Jorge,Childs,jchildsqx@fema.gov,Male,240.89.227.202
971,Nolan,Glenwright,nglenwrightqy@mozilla.org,Male,230.39.71.78
972,Lyda,Enos,lenosqz@arstechnica.com,Female,52.206.253.54
973,Patrizius,Rumney,prumneyr0@domainmarket.com,Agender,79.92.232.101
974,Carney,Stoffel,cstoffelr1@alexa.com,Male,208.14.134.159
975,Vania,Kanzler,vkanzlerr2@webeden.co.uk,Female,207.84.24.108
976,Sonni,Wellbelove,swellbelover3@mapy.cz,Female,87.171.30.94
977,Osbert,Ivanov,oivanovr4@csmonitor.com,Male,11.188.192.207
978,Codie,Partington,cpartingtonr5@baidu.com,Female,235.193.133.43
979,Eziechiele,Walklott,ewalklottr6@seattletimes.com,Male,85.255.35.129
980,Fowler,Windas,fwindasr7@mozilla.org,Male,39.230.253.206
981,Phyllida,Farres,pfarresr8@themeforest.net,Female,105.49.146.237
982,Honor,O'Gready,hogreadyr9@twitpic.com,Female,100.49.240.11
983,Ross,Pavic,rpavicra@biglobe.ne.jp,Male,109.132.90.104
984,Alexina,Josilevich,ajosilevichrb@tinyurl.com,Female,253.82.124.82
985,Merrill,Fieldgate,mfieldgaterc@usgs.gov,Female,211.172.36.83
986,Charlotte,Parsley,cparsleyrd@cocolog-nifty.com,Female,231.246.55.65
987,Putnam,Burberye,pburberyere@sitemeter.com,Male,252.175.157.219
988,Berkly,Pridham,bpridhamrf@marriott.com,Male,102.118.98.243
989,Melantha,Renne,mrennerg@sbwire.com,Female,47.157.95.143
990,Bax,Crone,bcronerh@samsung.com,Male,242.34.171.135
991,Mata,Vawton,mvawtonri@usgs.gov,Male,181.92.167.131
992,Jarret,Kempshall,jkempshallrj@uiuc.edu,Male,39.241.128.243
993,Bary,Rossant,brossantrk@rediff.com,Male,228.142.204.38
994,Adara,Zorzutti,azorzuttirl@fc2.com,Genderqueer,6.231.177.187
995,Riane,Templeman,rtemplemanrm@g.co,Female,135.193.143.37
996,Bobbette,McClune,bmcclunern@acquirethisname.com,Female,170.134.161.140
997,Fidole,Woolrich,fwoolrichro@drupal.org,Male,221.65.197.215
998,Sybila,Finan,sfinanrp@cornell.edu,Female,44.17.249.6
999,Putnem,Balasin,pbalasinrq@1und1.de,Male,103.108.87.179
1000,Luz,Worg,lworgrr@imgur.com,Female,71.15.11.242
